{
  "mae": 142.67108154296875,
  "rmse": 177.6614227294922,
  "r2": -1.8160289350734051,
  "pearson": NaN,
  "spearman": NaN,
  "n_test": 800
}