{
  "model_version": "1.0.0",
  "feature_names": [
    "prompt_token_count",
    "prompt_char_count",
    "word_count",
    "avg_token_length",
    "avg_word_length",
    "vocabulary_size",
    "unique_word_ratio",
    "prompt_entropy",
    "information_density",
    "punctuation_count",
    "question_mark_count",
    "exclamation_count",
    "period_count",
    "comma_count",
    "digit_count",
    "uppercase_ratio",
    "lowercase_ratio",
    "whitespace_ratio",
    "has_markdown",
    "has_code_fence",
    "has_python",
    "has_sql",
    "has_json",
    "has_xml",
    "has_yaml",
    "url_count",
    "newline_count",
    "conversation_turn_count",
    "has_system_prompt",
    "has_assistant_prompt",
    "has_user_prompt",
    "language_code",
    "unicode_ratio",
    "reasoning_score",
    "coding_probability",
    "stopword_ratio",
    "sentence_count",
    "avg_sentence_length",
    "named_entity_count",
    "embedding_norm"
  ],
  "num_features": 40,
  "feature_mean": [
    12.47560977935791,
    81.91463470458984,
    12.463414192199707,
    6.495845794677734,
    6.5021653175354,
    6.743902206420898,
    0.708382248878479,
    3.901761770248413,
    1.5385392904281616,
    3.317073106765747,
    0.060975611209869385,
    0.0,
    2.695122003555298,
    0.0,
    2.2439024448394775,
    0.06409257650375366,
    0.7445226907730103,
    0.1356147825717926,
    0.0,
    0.012195121496915817,
    0.012195121496915817,
    0.0,
    0.0,
    0.0,
    0.39024388790130615,
    0.0,
    0.04878048598766327,
    1.0,
    0.0,
    0.0,
    0.0,
    0.0,
    0.0,
    0.4085365831851959,
    0.028455283492803574,
    0.18269450962543488,
    2.7682926654815674,
    5.077714920043945,
    0.0,
    0.0
  ],
  "feature_std": [
    9.496118545532227,
    63.7575798034668,
    9.49864673614502,
    0.7443921566009521,
    0.7353549003601074,
    2.6310110092163086,
    0.2426406443119049,
    0.18979328870773315,
    0.2964291274547577,
    2.975010395050049,
    0.2392856925725937,
    0.0,
    2.497262477874756,
    0.0,
    2.8437390327453613,
    0.04063941538333893,
    0.0756101906299591,
    0.021432941779494286,
    0.0,
    0.10975608974695206,
    0.10975608974695206,
    0.0,
    0.0,
    0.0,
    0.48780491948127747,
    0.0,
    0.4390243589878082,
    0.0,
    0.0,
    0.0,
    0.0,
    0.0,
    0.0,
    0.4859493672847748,
    0.10670249909162521,
    0.16240574419498444,
    2.4309933185577393,
    1.259915828704834,
    0.0,
    0.0
  ],
  "hidden_dim": 128,
  "dropout": 0.1,
  "training_date": "2026-06-30T03:30:15.770712+00:00",
  "git_sha": "unknown",
  "metrics": {
    "test_mae": 191.86724853515625,
    "test_rmse": 232.51573181152344,
    "test_pearson": NaN,
    "test_spearman": NaN,
    "best_val_loss": 177.91563415527344,
    "best_epoch": 1
  }
}